{ "height":20,
 "infinite":false,
 "layers":[
        {
         "data":[1, 1, 1, 1, 1, 1, 1, 1, 1, 1, 1, 1, 1, 1, 1, 1, 1, 1, 1, 1, 1, 1, 1, 1, 1, 1, 1, 1, 1, 1, 1, 1, 1, 1, 1, 1, 1, 1, 1, 1, 1, 1, 1, 1, 1, 1, 1, 1, 1, 1, 1, 1, 1, 1, 1, 1, 1, 1, 1, 1, 1, 1, 1, 1, 1, 1, 1, 1, 1, 1, 1, 1, 1, 1, 1, 29, 29, 29, 29, 29, 29, 29, 29, 29, 29, 29, 29, 29, 29, 29, 29, 29, 29, 29, 29, 29, 29, 29, 29, 29, 29, 29, 29, 29, 29, 29, 29, 29, 29, 29, 29, 29, 29, 29, 29, 29, 29, 29, 29, 29, 29, 29, 29, 29, 29, 29, 29, 29, 29, 29, 29, 29, 29, 29, 29, 29, 29, 29, 29, 29, 29, 29, 29, 29, 29, 29, 29, 29, 29, 29, 29, 29, 29, 29, 29, 29, 29, 29, 29, 29, 29, 29, 29, 29, 29, 29, 29, 29, 29, 29, 29, 29, 29, 29, 29, 15, 15, 15, 15, 15, 15, 15, 15, 15, 15, 15, 15, 15, 15, 15, 15, 15, 15, 15, 15, 15, 15, 15, 15, 15, 15, 15, 15, 15, 15, 15, 15, 15, 15, 15, 15, 15, 15, 15, 15, 15, 15, 15, 15, 15, 15, 15, 15, 15, 15, 15, 15, 15, 15, 15, 15, 15, 15, 15, 15, 15, 15, 15, 15, 15, 15, 15, 15, 15, 15, 15, 15, 15, 15, 15, 15, 15, 15, 15, 15, 15, 15, 15, 15, 15, 15, 15, 15, 15, 15, 15, 15, 15, 15, 15, 15, 15, 15, 15, 15, 15, 15, 15, 15, 15, 15, 15, 15, 15, 15, 15, 15, 15, 15, 15, 15, 15, 15, 15, 15, 15, 15, 15, 15, 15, 1, 1, 1, 1, 1, 1, 15, 15, 15, 15, 15, 15, 15, 15, 15, 15, 15, 15, 15, 1, 1, 1, 1, 1, 1, 1, 1, 1, 1, 1, 1, 15, 15, 15, 15, 15, 15, 15, 15, 15, 15, 15, 15, 15, 1, 1, 1, 1, 1, 1, 1, 1, 1, 1, 1, 1, 15, 15, 15, 15, 15, 15, 15, 15, 15, 15, 15, 15, 15, 1, 1, 1, 1, 1, 1, 1, 1, 1, 1, 1, 1, 15, 15, 15, 15, 15, 15, 15, 15, 15, 15, 15, 15, 15, 1, 1, 1, 1, 1, 1, 1, 1, 1, 1, 1, 1, 15, 15, 15, 15, 15, 15, 15, 15, 15, 15, 15, 15, 15, 1, 1, 1, 1, 1, 1, 1, 1, 1, 1, 1, 1, 15, 15, 15, 15, 15, 15, 15, 15, 15, 15, 15, 15, 15, 1, 1, 1, 1, 1, 1, 1, 1, 1, 1, 1, 1, 1, 1, 1, 1, 1, 995, 996, 997, 1, 1, 1, 1, 1, 1, 1, 1, 1, 1, 1, 1, 1, 1, 1, 1, 1, 1, 1, 1, 1, 1, 1003, 1004, 1005, 1, 1, 1, 1, 1, 1, 1, 1, 1, 1, 1],
         "height":20,
         "name":"\ud0c0\uc77c \ub808\uc774\uc5b4 1",
         "opacity":1,
         "type":"tilelayer",
         "visible":true,
         "width":25,
         "x":0,
         "y":0
        }, 
        {
         "data":[0, 0, 0, 0, 0, 0, 0, 0, 0, 0, 0, 0, 0, 0, 0, 0, 0, 0, 0, 0, 0, 0, 0, 0, 0, 0, 0, 0, 0, 0, 0, 0, 0, 0, 0, 0, 0, 0, 0, 0, 0, 0, 0, 0, 0, 0, 0, 0, 0, 0, 0, 0, 0, 0, 0, 0, 0, 0, 0, 0, 0, 0, 0, 0, 0, 0, 0, 0, 0, 0, 0, 0, 0, 0, 0, 0, 0, 0, 0, 0, 0, 0, 0, 0, 0, 0, 534, 168, 169, 534, 0, 0, 0, 0, 0, 0, 0, 0, 0, 0, 0, 99, 57, 58, 57, 58, 57, 58, 57, 99, 0, 0, 0, 0, 0, 0, 99, 57, 58, 57, 58, 57, 58, 99, 0, 0, 107, 65, 66, 65, 66, 65, 66, 65, 107, 0, 0, 659, 660, 0, 0, 107, 65, 66, 65, 66, 65, 66, 107, 0, 0, 115, 0, 0, 0, 0, 0, 0, 0, 115, 0, 0, 667, 668, 0, 0, 115, 0, 0, 0, 0, 0, 0, 115, 0, 0, 0, 0, 0, 0, 0, 0, 0, 0, 0, 0, 0, 675, 676, 0, 0, 0, 0, 0, 0, 0, 0, 0, 0, 0, 0, 0, 0, 0, 0, 0, 0, 0, 0, 0, 0, 0, 0, 0, 0, 0, 0, 0, 0, 0, 0, 0, 0, 0, 0, 0, 0, 0, 0, 0, 0, 0, 0, 0, 0, 0, 0, 0, 0, 0, 0, 0, 0, 0, 0, 0, 0, 0, 0, 0, 0, 0, 0, 0, 0, 0, 0, 0, 0, 0, 0, 0, 0, 0, 0, 0, 0, 0, 0, 0, 0, 0, 0, 0, 0, 0, 0, 0, 0, 0, 0, 0, 0, 0, 0, 0, 0, 0, 0, 0, 0, 0, 0, 0, 0, 0, 0, 0, 0, 0, 0, 0, 0, 0, 0, 0, 290, 0, 0, 0, 0, 0, 0, 0, 0, 0, 0, 0, 290, 0, 0, 0, 0, 0, 0, 0, 0, 0, 0, 0, 0, 298, 0, 0, 0, 0, 0, 0, 0, 0, 0, 0, 0, 298, 0, 0, 0, 0, 0, 0, 0, 0, 0, 0, 0, 0, 0, 0, 0, 0, 0, 0, 0, 0, 0, 0, 0, 0, 0, 0, 0, 0, 0, 0, 0, 0, 0, 0, 0, 0, 0, 0, 0, 0, 0, 0, 0, 0, 0, 0, 0, 0, 0, 0, 0, 0, 0, 0, 0, 0, 0, 0, 0, 0, 0, 0, 201, 0, 0, 0, 0, 0, 0, 0, 0, 0, 0, 109, 110, 0, 0, 0, 0, 0, 0, 0, 0, 0, 0, 0, 0, 209, 0, 0, 0, 0, 0, 0, 0, 0, 0, 0, 117, 118, 0, 0, 0, 0, 0, 0, 0, 0, 0, 0, 0, 0, 0, 0, 0, 0, 0, 0, 0, 0, 0, 0, 0, 0, 0, 0, 0, 0, 0, 0, 0, 0, 0, 0, 0, 0, 0, 0, 0, 0, 0, 0, 0, 0, 0, 0, 0, 0, 0, 0, 0, 0, 0, 0, 0, 0],
         "height":20,
         "name":"\ud0c0\uc77c \ub808\uc774\uc5b4 2",
         "opacity":1,
         "type":"tilelayer",
         "visible":true,
         "width":25,
         "x":0,
         "y":0
        }, 
        {
         "data":[0, 0, 0, 0, 0, 0, 0, 0, 0, 0, 0, 0, 0, 0, 0, 0, 0, 0, 0, 0, 0, 0, 0, 0, 0, 0, 0, 0, 0, 0, 0, 0, 0, 0, 0, 0, 0, 0, 0, 0, 0, 0, 0, 0, 0, 0, 0, 0, 0, 0, 0, 0, 0, 0, 0, 0, 0, 0, 0, 0, 0, 0, 0, 0, 0, 0, 0, 0, 0, 0, 0, 0, 0, 0, 0, 0, 0, 0, 0, 0, 0, 0, 0, 0, 0, 0, 0, 0, 0, 0, 0, 0, 0, 0, 0, 0, 0, 0, 0, 0, 0, 0, 0, 0, 0, 0, 0, 0, 0, 0, 0, 0, 0, 0, 0, 0, 0, 0, 0, 0, 0, 0, 0, 0, 0, 0, 0, 0, 0, 0, 0, 0, 0, 0, 0, 0, 0, 0, 0, 0, 0, 0, 0, 0, 0, 0, 0, 0, 0, 0, 0, 0, 0, 0, 0, 0, 0, 0, 0, 0, 0, 0, 0, 0, 0, 0, 0, 0, 0, 0, 0, 0, 0, 0, 0, 0, 0, 0, 0, 0, 0, 0, 0, 0, 0, 0, 0, 0, 0, 0, 0, 0, 0, 0, 0, 0, 0, 0, 0, 0, 0, 0, 0, 0, 0, 0, 0, 0, 0, 0, 0, 0, 0, 0, 0, 0, 0, 0, 0, 0, 0, 0, 0, 0, 0, 0, 0, 0, 0, 0, 0, 0, 0, 0, 0, 0, 0, 0, 0, 0, 0, 0, 0, 0, 0, 0, 0, 0, 0, 0, 0, 0, 0, 0, 0, 0, 0, 0, 0, 0, 0, 0, 0, 0, 0, 0, 0, 0, 0, 0, 0, 0, 0, 0, 0, 0, 0, 0, 0, 0, 0, 0, 0, 0, 0, 0, 0, 0, 0, 0, 0, 0, 0, 0, 0, 0, 0, 0, 0, 0, 0, 0, 0, 0, 0, 0, 0, 0, 0, 0, 0, 0, 0, 0, 0, 0, 0, 0, 0, 0, 0, 0, 0, 0, 0, 0, 0, 0, 0, 0, 0, 0, 0, 0, 0, 0, 0, 0, 0, 0, 0, 0, 0, 0, 0, 0, 0, 0, 0, 0, 0, 0, 0, 0, 0, 0, 0, 0, 0, 0, 0, 0, 0, 0, 0, 0, 0, 0, 0, 0, 0, 0, 0, 0, 0, 0, 0, 0, 0, 0, 0, 0, 0, 0, 0, 0, 0, 0, 0, 0, 0, 0, 0, 0, 0, 0, 0, 0, 0, 0, 0, 0, 0, 0, 0, 0, 0, 0, 0, 0, 0, 0, 0, 0, 0, 0, 0, 0, 0, 0, 0, 0, 0, 0, 0, 0, 0, 0, 0, 0, 0, 0, 0, 0, 0, 0, 0, 0, 0, 0, 0, 0, 0, 0, 0, 0, 0, 0, 0, 0, 0, 0, 0, 0, 0, 0, 0, 0, 0, 0, 0, 0, 0, 0, 0, 0, 0, 0, 0, 0, 0, 0, 0, 0, 0, 0, 0, 0, 0, 0, 0, 0, 0, 0, 0, 0, 0, 0, 0, 0, 0, 0, 0, 0, 0, 0, 0, 0, 0, 0],
         "height":20,
         "name":"\ud0c0\uc77c \ub808\uc774\uc5b4 3",
         "opacity":1,
         "type":"tilelayer",
         "visible":true,
         "width":25,
         "x":0,
         "y":0
        }, 
        {
         "draworder":"topdown",
         "name":"\uc624\ube0c\uc81d\ud2b8 \ub808\uc774\uc5b4 1",
         "objects":[
                {
                 "height":36,
                 "id":1,
                 "name":"wall",
                 "rotation":0,
                 "type":"",
                 "visible":true,
                 "width":164,
                 "x":190,
                 "y":575
                }, 
                {
                 "height":36,
                 "id":4,
                 "name":"wall",
                 "rotation":0,
                 "type":"",
                 "visible":true,
                 "width":164,
                 "x":444,
                 "y":578
                }, 
                {
                 "height":42,
                 "id":5,
                 "name":"wall",
                 "rotation":0,
                 "type":"",
                 "visible":true,
                 "width":208,
                 "x":2,
                 "y":386
                }, 
                {
                 "height":42,
                 "id":6,
                 "name":"wall",
                 "rotation":0,
                 "type":"",
                 "visible":true,
                 "width":208,
                 "x":592,
                 "y":386
                }, 
                {
                 "height":160,
                 "id":7,
                 "name":"wall",
                 "rotation":0,
                 "type":"",
                 "visible":true,
                 "width":25,
                 "x":166,
                 "y":430
                }, 
                {
                 "height":160,
                 "id":8,
                 "name":"wall",
                 "rotation":0,
                 "type":"",
                 "visible":true,
                 "width":25,
                 "x":609.5,
                 "y":423
                }, 
                {
                 "height":16,
                 "id":9,
                 "name":"wall",
                 "rotation":0,
                 "type":"",
                 "visible":true,
                 "width":17,
                 "x":198.5,
                 "y":535
                }, 
                {
                 "height":34,
                 "id":10,
                 "name":"hide",
                 "rotation":0,
                 "type":"",
                 "visible":true,
                 "width":60,
                 "x":385.5,
                 "y":215
                }, 
                {
                 "height":18,
                 "id":11,
                 "name":"wall",
                 "rotation":0,
                 "type":"",
                 "visible":true,
                 "width":794,
                 "x":2.5,
                 "y":205.5
                }, 
                {
                 "height":11,
                 "id":12,
                 "name":"wall",
                 "rotation":0,
                 "type":"",
                 "visible":true,
                 "width":58,
                 "x":385.5,
                 "y":226.5
                }, 
                {
                 "height":156,
                 "id":13,
                 "name":"left_start",
                 "rotation":0,
                 "type":"",
                 "visible":true,
                 "width":4,
                 "x":2.5,
                 "y":225.5
                }, 
                {
                 "height":156,
                 "id":14,
                 "name":"right_start",
                 "rotation":0,
                 "type":"",
                 "visible":true,
                 "width":4,
                 "x":794,
                 "y":227
                }, 
                {
                 "height":56,
                 "id":15,
                 "name":"right_exit",
                 "rotation":0,
                 "type":"",
                 "visible":true,
                 "width":15,
                 "x":752.5,
                 "y":275.5
                }, 
                {
                 "height":56,
                 "id":16,
                 "name":"left_exit",
                 "rotation":0,
                 "type":"",
                 "visible":true,
                 "width":15,
                 "x":30.5,
                 "y":275
                }, 
                {
                 "height":11,
                 "id":17,
                 "name":"bottom_exit",
                 "rotation":0,
                 "type":"",
                 "visible":true,
                 "width":88,
                 "x":354.5,
                 "y":626.5
                }, 
                {
                 "height":8,
                 "id":18,
                 "name":"bottom_start",
                 "rotation":0,
                 "type":"",
                 "visible":true,
                 "width":57,
                 "x":369.5,
                 "y":560.5
                }, 
                {
                 "height":45,
                 "id":19,
                 "name":"wall",
                 "rotation":0,
                 "type":"",
                 "visible":true,
                 "width":41,
                 "x":547.5,
                 "y":505.5
                }],
         "opacity":1,
         "type":"objectgroup",
         "visible":true,
         "x":0,
         "y":0
        }],
 "nextobjectid":20,
 "orientation":"orthogonal",
 "renderorder":"right-down",
 "templategroups":[],
 "tiledversion":"2017.10.31",
 "tileheight":32,
 "tilesets":[
        {
         "columns":2,
         "firstgid":1,
         "image":"school_chip_03.png",
         "imageheight":160,
         "imagewidth":64,
         "margin":0,
         "name":"school_chip_03",
         "spacing":0,
         "tilecount":10,
         "tileheight":32,
         "tilewidth":32
        }, 
        {
         "columns":8,
         "firstgid":11,
         "image":"school_chip_02.png",
         "imageheight":1600,
         "imagewidth":256,
         "margin":0,
         "name":"school_chip_02",
         "spacing":0,
         "tilecount":400,
         "tileheight":32,
         "tilewidth":32
        }, 
        {
         "columns":8,
         "firstgid":411,
         "image":"school_chip_01.png",
         "imageheight":1600,
         "imagewidth":256,
         "margin":0,
         "name":"school_chip_01",
         "spacing":0,
         "tilecount":400,
         "tileheight":32,
         "tilewidth":32
        }, 
        {
         "columns":8,
         "firstgid":811,
         "image":"school_chip_07.png",
         "imageheight":256,
         "imagewidth":256,
         "margin":0,
         "name":"school_chip_07",
         "spacing":0,
         "tilecount":64,
         "tileheight":32,
         "tilewidth":32
        }, 
        {
         "columns":8,
         "firstgid":875,
         "image":"school_chip_06.png",
         "imageheight":1600,
         "imagewidth":256,
         "margin":0,
         "name":"school_chip_06",
         "spacing":0,
         "tilecount":400,
         "tileheight":32,
         "tilewidth":32
        }, 
        {
         "columns":8,
         "firstgid":1275,
         "image":"school_chip_04.png",
         "imageheight":544,
         "imagewidth":256,
         "margin":0,
         "name":"school_chip_04",
         "spacing":0,
         "tilecount":136,
         "tileheight":32,
         "tilewidth":32
        }, 
        {
         "columns":3,
         "firstgid":1411,
         "image":"school_chip_05.png",
         "imageheight":384,
         "imagewidth":96,
         "margin":0,
         "name":"school_chip_05",
         "spacing":0,
         "tilecount":36,
         "tileheight":32,
         "tilewidth":32
        }],
 "tilewidth":32,
 "type":"map",
 "version":1,
 "width":25
}