{ "height":20,
 "infinite":false,
 "layers":[
        {
         "data":[1, 1, 1, 1, 1, 1, 1, 1, 1, 1, 1, 1, 1, 1, 1, 1, 1, 1, 1, 1, 1, 1, 1, 1, 1, 1, 1, 1, 1, 1, 1, 1, 1, 1, 1, 1, 1, 1, 1, 1, 1, 1, 1, 1, 1, 1, 1, 1, 1, 1, 1, 1, 1, 1, 1, 1, 1, 1, 1, 1, 1, 1, 1, 1, 1, 1, 1, 1, 1, 1, 1, 1, 1, 1, 1, 1, 1, 1, 1, 1, 1, 1, 1, 1, 1, 1, 1, 1, 1, 1, 1, 1, 1, 1, 1, 1, 1, 1, 1, 1, 27, 27, 27, 27, 27, 27, 27, 27, 27, 27, 27, 27, 27, 27, 27, 27, 27, 27, 27, 27, 27, 27, 27, 27, 27, 27, 27, 27, 27, 27, 27, 27, 27, 27, 27, 27, 27, 27, 27, 27, 27, 27, 27, 27, 27, 27, 27, 27, 27, 27, 27, 27, 30, 51, 52, 27, 53, 54, 27, 27, 53, 54, 27, 51, 52, 27, 27, 27, 27, 27, 27, 27, 27, 27, 27, 27, 27, 27, 59, 60, 27, 27, 27, 27, 27, 27, 27, 27, 59, 60, 27, 27, 27, 27, 27, 27, 27, 27, 27, 27, 27, 27, 27, 67, 68, 27, 27, 27, 27, 27, 27, 27, 27, 67, 68, 27, 27, 27, 27, 27, 27, 27, 27, 27, 27, 15, 15, 15, 15, 15, 15, 15, 15, 15, 15, 15, 15, 15, 15, 15, 15, 15, 15, 15, 15, 15, 15, 15, 15, 15, 15, 15, 15, 15, 15, 15, 15, 15, 15, 15, 15, 15, 15, 15, 15, 15, 15, 15, 15, 15, 15, 15, 15, 15, 15, 15, 15, 15, 15, 15, 15, 15, 15, 15, 15, 15, 15, 15, 15, 15, 15, 15, 15, 15, 15, 15, 15, 15, 15, 15, 15, 15, 15, 15, 15, 15, 15, 15, 15, 15, 15, 15, 15, 15, 15, 15, 15, 15, 15, 15, 15, 15, 15, 15, 15, 15, 15, 15, 15, 15, 15, 15, 15, 15, 15, 15, 15, 15, 15, 15, 15, 15, 15, 15, 15, 15, 15, 15, 15, 15, 1, 1, 1, 1, 1, 1, 1, 1, 1, 1, 1, 1, 1, 1, 1, 1, 1, 1, 1, 1, 1, 1, 1, 1, 1, 1, 1, 1, 1, 1, 1, 1, 1, 1, 1, 1, 1, 1, 1, 1, 1, 1, 1, 1, 1, 1, 1, 1, 1, 1, 1, 1, 1, 1, 1, 1, 1, 1, 1, 1, 1, 1, 1, 1, 1, 1, 1, 1, 1, 1, 1, 1, 1, 1, 1, 1, 1, 1, 1, 1, 1, 1, 1, 1, 1, 1, 1, 1, 1, 1, 1, 1, 1, 1, 1, 1, 1, 1, 1, 1, 1, 1, 1, 1, 1, 1, 1, 1, 1, 1, 1, 1, 1, 1, 1, 1, 1, 1, 1, 1, 1, 1, 1, 1, 1, 1, 1, 1, 1, 1, 1, 1, 1, 1, 1, 1, 1, 1, 1, 1, 1, 1, 1, 1, 1, 1, 1, 1, 1, 1],
         "height":20,
         "name":"Layer_01",
         "opacity":1,
         "type":"tilelayer",
         "visible":true,
         "width":25,
         "x":0,
         "y":0
        }, 
        {
         "data":[0, 0, 0, 0, 0, 0, 0, 0, 0, 0, 0, 0, 0, 0, 0, 0, 0, 0, 0, 0, 0, 0, 0, 0, 0, 0, 0, 0, 0, 0, 0, 0, 0, 0, 0, 0, 0, 0, 0, 0, 0, 0, 0, 0, 0, 0, 0, 0, 0, 0, 0, 0, 0, 0, 0, 0, 0, 0, 0, 0, 0, 0, 0, 0, 0, 0, 0, 0, 0, 0, 0, 0, 0, 0, 0, 0, 0, 0, 0, 0, 0, 0, 0, 0, 0, 0, 0, 0, 0, 0, 0, 0, 0, 0, 0, 0, 0, 0, 0, 0, 0, 0, 0, 0, 0, 0, 0, 0, 0, 0, 0, 0, 0, 0, 0, 0, 0, 0, 0, 0, 0, 0, 0, 0, 0, 0, 0, 0, 0, 0, 0, 0, 0, 0, 0, 0, 0, 0, 0, 0, 0, 0, 0, 0, 0, 502, 502, 0, 0, 0, 0, 0, 0, 0, 0, 0, 0, 0, 0, 0, 0, 0, 0, 0, 0, 0, 0, 0, 0, 0, 510, 510, 0, 0, 0, 0, 0, 0, 0, 0, 0, 0, 0, 0, 0, 0, 0, 0, 0, 0, 0, 0, 0, 0, 0, 0, 0, 0, 0, 0, 290, 0, 0, 0, 0, 0, 0, 0, 0, 0, 0, 0, 0, 0, 0, 0, 0, 0, 0, 0, 0, 0, 0, 694, 695, 298, 0, 0, 0, 0, 0, 0, 0, 0, 0, 0, 0, 0, 0, 0, 0, 0, 0, 0, 0, 0, 0, 0, 702, 703, 0, 0, 0, 0, 0, 0, 0, 0, 0, 0, 0, 0, 0, 0, 0, 0, 0, 0, 0, 0, 0, 0, 0, 0, 0, 0, 0, 0, 0, 0, 0, 0, 0, 0, 0, 0, 0, 0, 0, 0, 0, 0, 0, 0, 0, 0, 0, 0, 0, 0, 0, 0, 0, 0, 0, 0, 0, 0, 0, 0, 0, 109, 110, 0, 0, 0, 0, 0, 0, 0, 0, 0, 0, 0, 0, 0, 0, 0, 0, 0, 0, 0, 0, 0, 0, 0, 117, 118, 0, 0, 0, 0, 0, 0, 0, 0, 0, 0, 0, 0, 0, 0, 0, 0, 0, 0, 0, 0, 0, 0, 0, 0, 0, 0, 0, 0, 0, 0, 0, 0, 0, 0, 0, 0, 0, 0, 0, 0, 0, 0, 0, 0, 0, 0, 0, 0, 0, 0, 0, 0, 0, 0, 0, 0, 0, 0, 0, 0, 0, 0, 0, 0, 0, 0, 0, 0, 0, 0, 0, 0, 0, 0, 0, 0, 0, 0, 0, 0, 0, 0, 0, 0, 0, 0, 0, 0, 0, 0, 0, 0, 0, 0, 0, 0, 0, 0, 0, 0, 0, 0, 0, 0, 0, 0, 0, 0, 0, 0, 0, 0, 0, 0, 0, 0, 0, 0, 0, 0, 0, 0, 0, 0, 0, 0, 0, 0, 0, 0, 0, 0, 0, 0, 0, 0, 0, 0, 0, 0, 0, 0, 0, 0, 0, 0, 0, 0, 0, 0, 0, 0, 0, 0, 0, 0, 0, 0, 0, 0, 0, 0],
         "height":20,
         "name":"Layer_02",
         "opacity":1,
         "type":"tilelayer",
         "visible":true,
         "width":25,
         "x":0,
         "y":0
        }, 
        {
         "data":[0, 0, 0, 0, 0, 0, 0, 0, 0, 0, 0, 0, 0, 0, 0, 0, 0, 0, 0, 0, 0, 0, 0, 0, 0, 0, 0, 0, 0, 0, 0, 0, 0, 0, 0, 0, 0, 0, 0, 0, 0, 0, 0, 0, 0, 0, 0, 0, 0, 0, 0, 0, 0, 0, 0, 0, 0, 0, 0, 0, 0, 0, 0, 0, 0, 0, 0, 0, 0, 0, 0, 0, 0, 0, 0, 0, 0, 0, 0, 0, 0, 0, 0, 0, 0, 0, 0, 0, 0, 0, 0, 0, 0, 0, 0, 0, 0, 0, 0, 0, 0, 0, 0, 0, 0, 0, 0, 0, 0, 0, 0, 0, 0, 0, 0, 0, 0, 0, 0, 0, 0, 0, 0, 0, 0, 0, 0, 0, 0, 0, 0, 0, 0, 0, 0, 0, 0, 0, 0, 0, 0, 0, 0, 0, 0, 0, 0, 0, 0, 0, 0, 0, 0, 0, 0, 0, 0, 0, 0, 0, 0, 0, 0, 0, 0, 0, 0, 0, 0, 0, 0, 0, 0, 0, 0, 0, 0, 0, 0, 0, 0, 0, 0, 0, 0, 0, 0, 0, 0, 0, 0, 0, 0, 0, 0, 0, 0, 0, 0, 0, 0, 0, 0, 0, 0, 0, 0, 0, 0, 0, 0, 0, 0, 0, 0, 0, 0, 0, 0, 0, 0, 0, 0, 0, 0, 0, 0, 0, 0, 0, 0, 0, 0, 0, 0, 0, 0, 0, 0, 0, 0, 0, 0, 0, 0, 0, 0, 0, 0, 0, 0, 0, 0, 0, 0, 0, 0, 0, 0, 0, 0, 0, 0, 0, 0, 0, 0, 0, 0, 0, 0, 0, 0, 0, 0, 0, 0, 0, 0, 0, 0, 0, 0, 0, 0, 0, 0, 0, 0, 0, 0, 0, 0, 0, 0, 0, 0, 0, 0, 0, 0, 0, 0, 0, 0, 0, 0, 0, 0, 0, 0, 0, 0, 0, 0, 0, 0, 0, 0, 0, 0, 0, 0, 0, 0, 0, 0, 0, 0, 0, 0, 0, 0, 0, 0, 0, 0, 0, 0, 0, 0, 0, 0, 0, 0, 0, 0, 0, 0, 0, 0, 0, 0, 0, 0, 0, 0, 0, 0, 0, 0, 0, 0, 0, 0, 0, 0, 0, 0, 0, 0, 0, 0, 0, 0, 0, 0, 0, 0, 0, 0, 0, 0, 0, 0, 0, 0, 0, 0, 0, 0, 0, 0, 0, 0, 0, 0, 0, 0, 0, 0, 0, 0, 0, 0, 0, 0, 0, 0, 0, 0, 0, 0, 0, 0, 0, 0, 0, 0, 0, 0, 0, 0, 0, 0, 0, 0, 0, 0, 0, 0, 0, 0, 0, 0, 0, 0, 0, 0, 0, 0, 0, 0, 0, 0, 0, 0, 0, 0, 0, 0, 0, 0, 0, 0, 0, 0, 0, 0, 0, 0, 0, 0, 0, 0, 0, 0, 0, 0, 0, 0, 0, 0, 0, 0, 0, 0, 0, 0, 0, 0, 0, 0, 0, 0, 0, 0, 0, 0, 0, 0, 0, 0, 0, 0, 0, 0, 0, 0, 0],
         "height":20,
         "name":"Layer_03",
         "opacity":1,
         "type":"tilelayer",
         "visible":true,
         "width":25,
         "x":0,
         "y":0
        }, 
        {
         "draworder":"topdown",
         "name":"Object_01",
         "objects":[
                {
                 "height":38,
                 "id":1,
                 "name":"character_left_start",
                 "rotation":0,
                 "type":"",
                 "visible":true,
                 "width":42,
                 "x":726,
                 "y":349
                }, 
                {
                 "height":25,
                 "id":5,
                 "name":"character_up",
                 "rotation":0,
                 "type":"",
                 "visible":true,
                 "width":33.3333333333334,
                 "x":431.333333333333,
                 "y":271.333333333333
                }, 
                {
                 "height":10.3333333333334,
                 "id":6,
                 "name":"character_up",
                 "rotation":0,
                 "type":"",
                 "visible":true,
                 "width":36,
                 "x":108.666666666666,
                 "y":284.833333333333
                }, 
                {
                 "height":61,
                 "id":7,
                 "name":"wall",
                 "rotation":0,
                 "type":"",
                 "visible":true,
                 "width":64,
                 "x":352,
                 "y":383.5
                }, 
                {
                 "height":61,
                 "id":8,
                 "name":"wall",
                 "rotation":0,
                 "type":"",
                 "visible":true,
                 "width":33,
                 "x":0,
                 "y":255.5
                }, 
                {
                 "height":31,
                 "id":9,
                 "name":"wall",
                 "rotation":0,
                 "type":"",
                 "visible":true,
                 "width":797,
                 "x":2,
                 "y":255.5
                }, 
                {
                 "height":31,
                 "id":10,
                 "name":"wall",
                 "rotation":0,
                 "type":"",
                 "visible":true,
                 "width":797,
                 "x":0.5,
                 "y":450.5
                }, 
                {
                 "height":31,
                 "id":11,
                 "name":"wall",
                 "rotation":0,
                 "type":"",
                 "visible":true,
                 "width":54,
                 "x":742.5,
                 "y":276.5
                }, 
                {
                 "height":128,
                 "id":12,
                 "name":"wall",
                 "rotation":0,
                 "type":"",
                 "visible":true,
                 "width":19,
                 "x":1,
                 "y":317.5
                }, 
                {
                 "height":135,
                 "id":13,
                 "name":"character_left",
                 "rotation":0,
                 "type":"",
                 "visible":true,
                 "width":10,
                 "x":790,
                 "y":308
                }, 
                {
                 "height":19,
                 "id":15,
                 "name":"character_up_start",
                 "rotation":0,
                 "type":"",
                 "visible":true,
                 "width":66,
                 "x":95.6666666666667,
                 "y":306.666666666667
                }],
         "opacity":1,
         "type":"objectgroup",
         "visible":true,
         "x":0,
         "y":0
        }],
 "nextobjectid":16,
 "orientation":"orthogonal",
 "renderorder":"right-down",
 "templategroups":[],
 "tiledversion":"2017.10.31",
 "tileheight":32,
 "tilesets":[
        {
         "columns":2,
         "firstgid":1,
         "image":"school_chip_03.png",
         "imageheight":160,
         "imagewidth":64,
         "margin":0,
         "name":"school_chip_03",
         "spacing":0,
         "tilecount":10,
         "tileheight":32,
         "tilewidth":32
        }, 
        {
         "columns":8,
         "firstgid":11,
         "image":"school_chip_02.png",
         "imageheight":1600,
         "imagewidth":256,
         "margin":0,
         "name":"school_chip_02",
         "spacing":0,
         "tilecount":400,
         "tileheight":32,
         "tilewidth":32
        }, 
        {
         "columns":8,
         "firstgid":411,
         "image":"school_chip_01.png",
         "imageheight":1600,
         "imagewidth":256,
         "margin":0,
         "name":"school_chip_01",
         "spacing":0,
         "tilecount":400,
         "tileheight":32,
         "tilewidth":32
        }, 
        {
         "columns":8,
         "firstgid":811,
         "image":"school_chip_04.png",
         "imageheight":544,
         "imagewidth":256,
         "margin":0,
         "name":"school_chip_04",
         "spacing":0,
         "tilecount":136,
         "tileheight":32,
         "tilewidth":32
        }, 
        {
         "columns":3,
         "firstgid":947,
         "image":"school_chip_05.png",
         "imageheight":384,
         "imagewidth":96,
         "margin":0,
         "name":"school_chip_05",
         "spacing":0,
         "tilecount":36,
         "tileheight":32,
         "tilewidth":32
        }, 
        {
         "columns":8,
         "firstgid":983,
         "image":"school_chip_06.png",
         "imageheight":1600,
         "imagewidth":256,
         "margin":0,
         "name":"school_chip_06",
         "spacing":0,
         "tilecount":400,
         "tileheight":32,
         "tilewidth":32
        }, 
        {
         "columns":8,
         "firstgid":1383,
         "image":"school_chip_07.png",
         "imageheight":256,
         "imagewidth":256,
         "margin":0,
         "name":"school_chip_07",
         "spacing":0,
         "tilecount":64,
         "tileheight":32,
         "tilewidth":32
        }],
 "tilewidth":32,
 "type":"map",
 "version":1,
 "width":25
}