{
 "width":430,
 "height":150,
 "imagewidth":870,
 "imageheight":300,

 "start_game":
         [
        {
         "image01":"dialogue\\start_01_dialogue.png",
         "image02":"dialogue\\start_02_dialogue.png",
         "image03":"dialogue\\start_03_dialogue.png"
        }],
 "map":[
        {
         "len":1,
         "firstgid":1,
         "image":"school_chip_02.png",
         "imageheight":1600,
         "imagewidth":256,
         "margin":0,
         "name":"school_chip_02",
         "spacing":0,
         "tilecount":400,
         "tileheight":32,
         "tilewidth":32

        }],
 "door":[
        {
         "columns":8,
         "firstgid":1,
         "image":"school_chip_02.png",
         "imageheight":1600,
         "imagewidth":256,
         "margin":0,
         "name":"school_chip_02",
         "spacing":0,
         "tilecount":400,
         "tileheight":32,
         "tilewidth":32

        }]
}